id;branch_name;branch_phone;branch_fax;branch_address;branch_email;branch_banner;branch_default_exercice
1;protocol neural-net;Savings Account Guinea-Bissau;Credit Card Account Dale;Programmable;virtual Principal Gorgeous Steel Shirt;extranet;63835
2;Rustic Granite Chips;Auto Loan Account zero tolerance Research;Unbranded Metal Keyboard International systems;Colorado;parse copying copying;turquoise olive payment;24360
3;Maryland;content;mobile olive;Sausages;Synchronised Tactics;indigo;14693
4;paradigm Highway;Customer;empower Missouri;Personal Loan Account;Sausages Cotton circuit;mesh;3723
5;utilisation;killer Engineer;technologies;e-markets France Azerbaijan;multi-byte auxiliary;New Zealand Dollar invoice Ameliorated;37584
6;input Nepalese Rupee Assistant;HDD bluetooth;Credit Card Account monitor Summit;user-centric Corporate orchestration;target Internal utilize;Architect National;52073
7;Buckinghamshire Home Automated;SCSI Money Market Account Salad;redundant XML;programming Personal Loan Account;Checking Account Bedfordshire Executive;synergies Sierra Leone online;67414
8;foreground;navigating optical Serbian Dinar;Legacy pixel;withdrawal vortals Clothing;Research;Pants neural;83027
9;Savings Account;Central Regional;Mobility Global;1080p Profound revolutionary;Oklahoma AGP Architect;invoice;74314
10;Bedfordshire Cheese;SCSI;Fully-configurable;interface;JBOD;payment;71975
